program_test,jmete01,12345
program_test,jmete02,12345
program_test,jmete03,12345
program_test,jmete04,12345
program_test,jmete05,12345
program_test,jmete06,12345
program_test,jmete07,12345
program_test,jmete08,12345
program_test,jmete09,12345
program_test,jmete10,12345
program_test,jmete11,12345
program_test,jmete12,12345
program_test,jmete13,12345
program_test,jmete14,12345
program_test,jmete15,12345
program_test,jmete16,12345
program_test,jmete17,12345
program_test,jmete18,12345
program_test,jmete19,12345
program_test,jmete20,12345
program_test,jmete21,12345
program_test,jmete22,12345
program_test,jmete23,12345
program_test,jmete24,12345
program_test,jmete25,12345
program_test,jmete26,12345
program_test,jmete27,12345
program_test,jmete28,12345
program_test,jmete29,12345
program_test,jmete30,12345
program_test,jmete31,12345
program_test,jmete32,12345
program_test,jmete33,12345
program_test,jmete34,12345
program_test,jmete35,12345
program_test,jmete36,12345
program_test,jmete37,12345
program_test,jmete38,12345
program_test,jmete39,12345
program_test,jmete40,12345
program_test,jmete41,12345
program_test,jmete42,12345
program_test,jmete43,12345
program_test,jmete44,12345
program_test,jmete45,12345
program_test,jmete46,12345
program_test,jmete47,12345
program_test,jmete48,12345
program_test,jmete49,12345
program_test,jmete50,12345
program_test,jmete51,12345
program_test,jmete52,12345
program_test,jmete53,12345
program_test,jmete54,12345
program_test,jmete55,12345
program_test,jmete56,12345
program_test,jmete57,12345
program_test,jmete58,12345
program_test,jmete59,12345
program_test,jmete60,12345
program_test,jmete61,12345
program_test,jmete62,12345
program_test,jmete63,12345
program_test,jmete64,12345
program_test,jmete65,12345
program_test,jmete66,12345
program_test,jmete67,12345
program_test,jmete68,12345
program_test,jmete69,12345
program_test,jmete70,12345
program_test,jmete71,12345
program_test,jmete72,12345
program_test,jmete73,12345
program_test,jmete74,12345
program_test,jmete75,12345
program_test,jmete76,12345
program_test,jmete77,12345
program_test,jmete78,12345
program_test,jmete79,12345
program_test,jmete80,12345
program_test,jmete81,12345
program_test,jmete82,12345
program_test,jmete83,12345
program_test,jmete84,12345
program_test,jmete85,12345
program_test,jmete86,12345
program_test,jmete87,12345
program_test,jmete88,12345
program_test,jmete89,12345
program_test,jmete90,12345
program_test,jmete91,12345
program_test,jmete92,12345
program_test,jmete93,12345
program_test,jmete94,12345
program_test,jmete95,12345
program_test,jmete96,12345
program_test,jmete97,12345
program_test,jmete98,12345
program_test,jmete99,12345
program_test,jmete100,12345
program_test,jmete101,12345
program_test,jmete102,12345
program_test,jmete103,12345
program_test,jmete104,12345
program_test,jmete105,12345
program_test,jmete106,12345
program_test,jmete107,12345
program_test,jmete108,12345
program_test,jmete109,12345
program_test,jmete110,12345
program_test,jmete111,12345
program_test,jmete112,12345
program_test,jmete113,12345
program_test,jmete114,12345
program_test,jmete115,12345
program_test,jmete116,12345
program_test,jmete117,12345
program_test,jmete118,12345
program_test,jmete119,12345
program_test,jmete120,12345
program_test,jmete121,12345
program_test,jmete122,12345
program_test,jmete123,12345
program_test,jmete124,12345
program_test,jmete125,12345
program_test,jmete126,12345
program_test,jmete127,12345
program_test,jmete128,12345
program_test,jmete129,12345
program_test,jmete130,12345
program_test,jmete131,12345
program_test,jmete132,12345
program_test,jmete133,12345
program_test,jmete134,12345
program_test,jmete135,12345
program_test,jmete136,12345
program_test,jmete137,12345
program_test,jmete138,12345
program_test,jmete139,12345
program_test,jmete140,12345
program_test,jmete141,12345
program_test,jmete142,12345
program_test,jmete143,12345
program_test,jmete144,12345
program_test,jmete145,12345
program_test,jmete146,12345
program_test,jmete147,12345
program_test,jmete148,12345
program_test,jmete149,12345
program_test,jmete150,12345
program_test,jmete151,12345
program_test,jmete152,12345
program_test,jmete153,12345
program_test,jmete154,12345
program_test,jmete155,12345
program_test,jmete156,12345
program_test,jmete157,12345
program_test,jmete158,12345
program_test,jmete159,12345
program_test,jmete160,12345
program_test,jmete161,12345
program_test,jmete162,12345
program_test,jmete163,12345
program_test,jmete164,12345
program_test,jmete165,12345
program_test,jmete166,12345
program_test,jmete167,12345
program_test,jmete168,12345
program_test,jmete169,12345
program_test,jmete170,12345
program_test,jmete171,12345
program_test,jmete172,12345
program_test,jmete173,12345
program_test,jmete174,12345
program_test,jmete175,12345
program_test,jmete176,12345
program_test,jmete177,12345
program_test,jmete178,12345
program_test,jmete179,12345
program_test,jmete180,12345
program_test,jmete181,12345
program_test,jmete182,12345
program_test,jmete183,12345
program_test,jmete184,12345
program_test,jmete185,12345
program_test,jmete186,12345
program_test,jmete187,12345
program_test,jmete188,12345
program_test,jmete189,12345
program_test,jmete190,12345
program_test,jmete191,12345
program_test,jmete192,12345
program_test,jmete193,12345
program_test,jmete194,12345
program_test,jmete195,12345
program_test,jmete196,12345
program_test,jmete197,12345
program_test,jmete198,12345
program_test,jmete199,12345
program_test,jmete200,12345
program_test,jmete201,12345
program_test,jmete202,12345
program_test,jmete203,12345
program_test,jmete204,12345
program_test,jmete205,12345
program_test,jmete206,12345
program_test,jmete207,12345
program_test,jmete208,12345
program_test,jmete209,12345
program_test,jmete210,12345
program_test,jmete211,12345
program_test,jmete212,12345
program_test,jmete213,12345
program_test,jmete214,12345
program_test,jmete215,12345
program_test,jmete216,12345
program_test,jmete217,12345
program_test,jmete218,12345
program_test,jmete219,12345
program_test,jmete220,12345
program_test,jmete221,12345
program_test,jmete222,12345
program_test,jmete223,12345
program_test,jmete224,12345
program_test,jmete225,12345
program_test,jmete226,12345
program_test,jmete227,12345
program_test,jmete228,12345
program_test,jmete229,12345
program_test,jmete230,12345
program_test,jmete231,12345
program_test,jmete232,12345
program_test,jmete233,12345
program_test,jmete234,12345
program_test,jmete235,12345
program_test,jmete236,12345
program_test,jmete237,12345
program_test,jmete238,12345
program_test,jmete239,12345
program_test,jmete240,12345
program_test,jmete241,12345
program_test,jmete242,12345
program_test,jmete243,12345
program_test,jmete244,12345
program_test,jmete245,12345
program_test,jmete246,12345
program_test,jmete247,12345
program_test,jmete248,12345
program_test,jmete249,12345
program_test,jmete250,12345
program_test,jmete251,12345
program_test,jmete252,12345
program_test,jmete253,12345
program_test,jmete254,12345
program_test,jmete255,12345
program_test,jmete256,12345
program_test,jmete257,12345
program_test,jmete258,12345
program_test,jmete259,12345
program_test,jmete260,12345
program_test,jmete261,12345
program_test,jmete262,12345
program_test,jmete263,12345
program_test,jmete264,12345
program_test,jmete265,12345
program_test,jmete266,12345
program_test,jmete267,12345
program_test,jmete268,12345
program_test,jmete269,12345
program_test,jmete270,12345
program_test,jmete271,12345
program_test,jmete272,12345
program_test,jmete273,12345
program_test,jmete274,12345
program_test,jmete275,12345
program_test,jmete276,12345
program_test,jmete277,12345
program_test,jmete278,12345
program_test,jmete279,12345
program_test,jmete280,12345
program_test,jmete281,12345
program_test,jmete282,12345
program_test,jmete283,12345
program_test,jmete284,12345
program_test,jmete285,12345
program_test,jmete286,12345
program_test,jmete287,12345
program_test,jmete288,12345
program_test,jmete289,12345
program_test,jmete290,12345
program_test,jmete291,12345
program_test,jmete292,12345
program_test,jmete293,12345
program_test,jmete294,12345
program_test,jmete295,12345
program_test,jmete296,12345
program_test,jmete297,12345
program_test,jmete298,12345
program_test,jmete299,12345
program_test,jmete300,12345
program_test,jmete301,12345
program_test,jmete302,12345
program_test,jmete303,12345
program_test,jmete304,12345
program_test,jmete305,12345
program_test,jmete306,12345
program_test,jmete307,12345
program_test,jmete308,12345
program_test,jmete309,12345
program_test,jmete310,12345
program_test,jmete311,12345
program_test,jmete312,12345
program_test,jmete313,12345
program_test,jmete314,12345
program_test,jmete315,12345
program_test,jmete316,12345
program_test,jmete317,12345
program_test,jmete318,12345
program_test,jmete319,12345
program_test,jmete320,12345
program_test,jmete321,12345
program_test,jmete322,12345
program_test,jmete323,12345
program_test,jmete324,12345
program_test,jmete325,12345
program_test,jmete326,12345
program_test,jmete327,12345
program_test,jmete328,12345
program_test,jmete329,12345
program_test,jmete330,12345
program_test,jmete331,12345
program_test,jmete332,12345
program_test,jmete333,12345
program_test,jmete334,12345
program_test,jmete335,12345
program_test,jmete336,12345
program_test,jmete337,12345
program_test,jmete338,12345
program_test,jmete339,12345
program_test,jmete340,12345
program_test,jmete341,12345
program_test,jmete342,12345
program_test,jmete343,12345
program_test,jmete344,12345
program_test,jmete345,12345
program_test,jmete346,12345
program_test,jmete347,12345
program_test,jmete348,12345
program_test,jmete349,12345
program_test,jmete350,12345
program_test,jmete351,12345
program_test,jmete352,12345
program_test,jmete353,12345
program_test,jmete354,12345
program_test,jmete355,12345
program_test,jmete356,12345
program_test,jmete357,12345
program_test,jmete358,12345
program_test,jmete359,12345
program_test,jmete360,12345
program_test,jmete361,12345
program_test,jmete362,12345
program_test,jmete363,12345
program_test,jmete364,12345
program_test,jmete365,12345
program_test,jmete366,12345
program_test,jmete367,12345
program_test,jmete368,12345
program_test,jmete369,12345
program_test,jmete370,12345
program_test,jmete371,12345
program_test,jmete372,12345
program_test,jmete373,12345
program_test,jmete374,12345
program_test,jmete375,12345
program_test,jmete376,12345
program_test,jmete377,12345
program_test,jmete378,12345
program_test,jmete379,12345
program_test,jmete380,12345
program_test,jmete381,12345
program_test,jmete382,12345
program_test,jmete383,12345
program_test,jmete384,12345
program_test,jmete385,12345
program_test,jmete386,12345
program_test,jmete387,12345
program_test,jmete388,12345
program_test,jmete389,12345
program_test,jmete390,12345
program_test,jmete391,12345
program_test,jmete392,12345
program_test,jmete393,12345
program_test,jmete394,12345
program_test,jmete395,12345
program_test,jmete396,12345
program_test,jmete397,12345
program_test,jmete398,12345
program_test,jmete399,12345
program_test,jmete400,12345
program_test,jmete401,12345
program_test,jmete402,12345
program_test,jmete403,12345
program_test,jmete404,12345
program_test,jmete405,12345
program_test,jmete406,12345
program_test,jmete407,12345
program_test,jmete408,12345
program_test,jmete409,12345
program_test,jmete410,12345
program_test,jmete411,12345
program_test,jmete412,12345
program_test,jmete413,12345
program_test,jmete414,12345
program_test,jmete415,12345
program_test,jmete416,12345
program_test,jmete417,12345
program_test,jmete418,12345
program_test,jmete419,12345
program_test,jmete420,12345
program_test,jmete421,12345
program_test,jmete422,12345
program_test,jmete423,12345
program_test,jmete424,12345
program_test,jmete425,12345
program_test,jmete426,12345
program_test,jmete427,12345
program_test,jmete428,12345
program_test,jmete429,12345
program_test,jmete430,12345
program_test,jmete431,12345
program_test,jmete432,12345
program_test,jmete433,12345
program_test,jmete434,12345
program_test,jmete435,12345
program_test,jmete436,12345
program_test,jmete437,12345
program_test,jmete438,12345
program_test,jmete439,12345
program_test,jmete440,12345
program_test,jmete441,12345
program_test,jmete442,12345
program_test,jmete443,12345
program_test,jmete444,12345
program_test,jmete445,12345
program_test,jmete446,12345
program_test,jmete447,12345
program_test,jmete448,12345
program_test,jmete449,12345
program_test,jmete450,12345
program_test,jmete451,12345
program_test,jmete452,12345
program_test,jmete453,12345
program_test,jmete454,12345
program_test,jmete455,12345
program_test,jmete456,12345
program_test,jmete457,12345
program_test,jmete458,12345
program_test,jmete459,12345
program_test,jmete460,12345
program_test,jmete461,12345
program_test,jmete462,12345
program_test,jmete463,12345
program_test,jmete464,12345
program_test,jmete465,12345
program_test,jmete466,12345
program_test,jmete467,12345
program_test,jmete468,12345
program_test,jmete469,12345
program_test,jmete470,12345
program_test,jmete471,12345
program_test,jmete472,12345
program_test,jmete473,12345
program_test,jmete474,12345
program_test,jmete475,12345
program_test,jmete476,12345
program_test,jmete477,12345
program_test,jmete478,12345
program_test,jmete479,12345
program_test,jmete480,12345
program_test,jmete481,12345
program_test,jmete482,12345
program_test,jmete483,12345
program_test,jmete484,12345
program_test,jmete485,12345
program_test,jmete486,12345
program_test,jmete487,12345
program_test,jmete488,12345
program_test,jmete489,12345
program_test,jmete490,12345
program_test,jmete491,12345
program_test,jmete492,12345
program_test,jmete493,12345
program_test,jmete494,12345
program_test,jmete495,12345
program_test,jmete496,12345
program_test,jmete497,12345
program_test,jmete498,12345
program_test,jmete499,12345
program_test,jmete500,12345
